cohort_month,period_number,cohort_size,active_customers,retention_pct,period_revenue,revenue_per_cohort_member,cumulative_revenue_per_member
2009-12-01 00:00:00,0,942,942,100.0,665044.88,705.99,705.99
2009-12-01 00:00:00,1,942,330,35.03,369381.96,392.13,1098.12
2009-12-01 00:00:00,2,942,314,33.33,284074.21,301.56,1399.68
2009-12-01 00:00:00,3,942,401,42.57,369829.27,392.6,1792.28
2009-12-01 00:00:00,4,942,358,38.0,298045.21,316.4,2108.68
2009-12-01 00:00:00,5,942,339,35.99,280116.65,297.36,2406.04
2009-12-01 00:00:00,6,942,356,37.79,294404.59,312.53,2718.57
2009-12-01 00:00:00,7,942,326,34.61,303792.23,322.5,3041.07
2009-12-01 00:00:00,8,942,318,33.76,311528.60,330.71,3371.78
2009-12-01 00:00:00,9,942,340,36.09,364276.72,386.71,3758.49
2009-12-01 00:00:00,10,942,396,42.04,441865.52,469.07,4227.56
2009-12-01 00:00:00,11,942,468,49.68,550713.19,584.62,4812.18
2009-12-01 00:00:00,12,942,356,37.79,333234.53,353.75,5165.93
2009-12-01 00:00:00,13,942,265,28.13,223239.05,236.98,5402.92
2009-12-01 00:00:00,14,942,226,23.99,208151.84,220.97,5623.88
2009-12-01 00:00:00,15,942,283,30.04,243720.50,258.73,5882.61
2009-12-01 00:00:00,16,942,247,26.22,155776.51,165.37,6047.98
2009-12-01 00:00:00,17,942,285,30.25,268996.81,285.56,6333.54
2009-12-01 00:00:00,18,942,266,28.24,273820.96,290.68,6624.22
2009-12-01 00:00:00,19,942,240,25.48,245659.72,260.79,6885.0
2009-12-01 00:00:00,20,942,237,25.16,249790.23,265.17,7150.17
2009-12-01 00:00:00,21,942,292,31.0,365087.08,387.57,7537.74
2009-12-01 00:00:00,22,942,285,30.25,382903.48,406.48,7944.22
2009-12-01 00:00:00,23,942,380,40.34,424403.71,450.53,8394.75
2010-01-01 00:00:00,0,369,369,100.0,158138.75,428.56,428.56
2010-01-01 00:00:00,1,369,77,20.87,38251.02,103.66,532.22
2010-01-01 00:00:00,2,369,117,31.71,49117.81,133.11,665.33
2010-01-01 00:00:00,3,369,116,31.44,55847.13,151.35,816.68
2010-01-01 00:00:00,4,369,100,27.1,56484.76,153.08,969.75
2010-01-01 00:00:00,5,369,113,30.62,59033.23,159.98,1129.74
2010-01-01 00:00:00,6,369,98,26.56,52003.67,140.93,1270.67
2010-01-01 00:00:00,7,369,87,23.58,45604.73,123.59,1394.26
2010-01-01 00:00:00,8,369,106,28.73,58575.04,158.74,1553.0
2010-01-01 00:00:00,9,369,121,32.79,73567.15,199.37,1752.37
2010-01-01 00:00:00,10,369,113,30.62,74399.11,201.62,1953.99
2010-01-01 00:00:00,11,369,65,17.62,37419.21,101.41,2055.4
2010-01-01 00:00:00,12,369,84,22.76,41217.82,111.7,2167.1
2010-01-01 00:00:00,13,369,67,18.16,33596.58,91.05,2258.15
2010-01-01 00:00:00,14,369,73,19.78,48114.99,130.39,2388.54
2010-01-01 00:00:00,15,369,56,15.18,30027.04,81.37,2469.91
2010-01-01 00:00:00,16,369,89,24.12,49364.88,133.78,2603.69
2010-01-01 00:00:00,17,369,75,20.33,38791.43,105.13,2708.82
2010-01-01 00:00:00,18,369,72,19.51,47650.85,129.14,2837.95
2010-01-01 00:00:00,19,369,75,20.33,41845.54,113.4,2951.36
2010-01-01 00:00:00,20,369,92,24.93,59461.05,161.14,3112.5
2010-01-01 00:00:00,21,369,74,20.05,57334.95,155.38,3267.88
2010-01-01 00:00:00,22,369,94,25.47,56707.30,153.68,3421.56
2010-02-01 00:00:00,0,373,373,100.0,164822.01,441.88,441.88
2010-02-01 00:00:00,1,373,87,23.32,31926.69,85.59,527.48
2010-02-01 00:00:00,2,373,85,22.79,52415.42,140.52,668.0
2010-02-01 00:00:00,3,373,109,29.22,52399.17,140.48,808.48
2010-02-01 00:00:00,4,373,91,24.4,41624.90,111.59,920.08
2010-02-01 00:00:00,5,373,72,19.3,38577.22,103.42,1023.5
2010-02-01 00:00:00,6,373,72,19.3,37275.52,99.93,1123.43
2010-02-01 00:00:00,7,373,108,28.95,51722.88,138.67,1262.1
2010-02-01 00:00:00,8,373,96,25.74,52036.49,139.51,1401.61
2010-02-01 00:00:00,9,373,104,27.88,53424.54,143.23,1544.84
2010-02-01 00:00:00,10,373,43,11.53,23934.07,64.17,1609.01
2010-02-01 00:00:00,11,373,46,12.33,18233.92,48.88,1657.89
2010-02-01 00:00:00,12,373,56,15.01,26943.10,72.23,1730.12
2010-02-01 00:00:00,13,373,66,17.69,34713.47,93.07,1823.19
2010-02-01 00:00:00,14,373,46,12.33,20158.33,54.04,1877.23
2010-02-01 00:00:00,15,373,75,20.11,37125.29,99.53,1976.76
2010-02-01 00:00:00,16,373,60,16.09,27577.54,73.93,2050.7
2010-02-01 00:00:00,17,373,61,16.35,32393.29,86.85,2137.54
2010-02-01 00:00:00,18,373,53,14.21,24979.88,66.97,2204.51
2010-02-01 00:00:00,19,373,85,22.79,44679.27,119.78,2324.3
2010-02-01 00:00:00,20,373,85,22.79,44115.72,118.27,2442.57
2010-02-01 00:00:00,21,373,62,16.62,38190.58,102.39,2544.96
2010-03-01 00:00:00,0,442,442,100.0,206742.67,467.74,467.74
2010-03-01 00:00:00,1,442,83,18.78,48831.33,110.48,578.22
2010-03-01 00:00:00,2,442,101,22.85,50057.33,113.25,691.47
2010-03-01 00:00:00,3,442,107,24.21,53629.97,121.33,812.81
2010-03-01 00:00:00,4,442,100,22.62,48951.44,110.75,923.56
2010-03-01 00:00:00,5,442,89,20.14,53681.18,121.45,1045.01
2010-03-01 00:00:00,6,442,106,23.98,63419.69,143.48,1188.49
2010-03-01 00:00:00,7,442,136,30.77,80761.08,182.72,1371.21
2010-03-01 00:00:00,8,442,123,27.83,75351.89,170.48,1541.69
2010-03-01 00:00:00,9,442,48,10.86,20332.53,46.0,1587.69
2010-03-01 00:00:00,10,442,50,11.31,23658.22,53.53,1641.22
2010-03-01 00:00:00,11,442,65,14.71,30372.87,68.72,1709.93
2010-03-01 00:00:00,12,442,87,19.68,43011.79,97.31,1807.24
2010-03-01 00:00:00,13,442,71,16.06,41239.24,93.3,1900.55
2010-03-01 00:00:00,14,442,88,19.91,45951.04,103.96,2004.51
2010-03-01 00:00:00,15,442,75,16.97,31205.85,70.6,2075.11
2010-03-01 00:00:00,16,442,77,17.42,41711.44,94.37,2169.48
2010-03-01 00:00:00,17,442,68,15.38,49243.99,111.41,2280.89
2010-03-01 00:00:00,18,442,79,17.87,47088.17,106.53,2387.42
2010-03-01 00:00:00,19,442,88,19.91,56666.58,128.2,2515.63
2010-03-01 00:00:00,20,442,92,20.81,59930.75,135.59,2651.22
2010-04-01 00:00:00,0,293,293,100.0,121760.00,415.56,415.56
2010-04-01 00:00:00,1,293,53,18.09,17925.55,61.18,476.74
2010-04-01 00:00:00,2,293,56,19.11,20311.51,69.32,546.07
2010-04-01 00:00:00,3,293,46,15.7,23422.28,79.94,626.0
2010-04-01 00:00:00,4,293,53,18.09,21713.37,74.11,700.11
2010-04-01 00:00:00,5,293,66,22.53,30791.44,105.09,805.2
2010-04-01 00:00:00,6,293,81,27.65,34291.95,117.04,922.24
2010-04-01 00:00:00,7,293,75,25.6,31557.58,107.71,1029.94
2010-04-01 00:00:00,8,293,32,10.92,10220.27,34.88,1064.83
2010-04-01 00:00:00,9,293,31,10.58,17005.01,58.04,1122.86
2010-04-01 00:00:00,10,293,22,7.51,6361.69,21.71,1144.58
2010-04-01 00:00:00,11,293,41,13.99,16749.98,57.17,1201.74
2010-04-01 00:00:00,12,293,41,13.99,15307.38,52.24,1253.99
2010-04-01 00:00:00,13,293,47,16.04,22483.39,76.74,1330.72
2010-04-01 00:00:00,14,293,46,15.7,16396.46,55.96,1386.68
2010-04-01 00:00:00,15,293,46,15.7,21715.80,74.12,1460.8
2010-04-01 00:00:00,16,293,42,14.33,17871.40,60.99,1521.79
2010-04-01 00:00:00,17,293,43,14.68,18657.38,63.68,1585.47
2010-04-01 00:00:00,18,293,52,17.75,24740.16,84.44,1669.91
2010-04-01 00:00:00,19,293,67,22.87,29118.93,99.38,1769.29
2010-05-01 00:00:00,0,255,255,100.0,108691.95,426.24,426.24
2010-05-01 00:00:00,1,255,39,15.29,13264.45,52.02,478.26
2010-05-01 00:00:00,2,255,42,16.47,13794.72,54.1,532.36
2010-05-01 00:00:00,3,255,47,18.43,25058.88,98.27,630.63
2010-05-01 00:00:00,4,255,45,17.65,16411.71,64.36,694.99
2010-05-01 00:00:00,5,255,66,25.88,30974.61,121.47,816.46
2010-05-01 00:00:00,6,255,55,21.57,23141.88,90.75,907.21
2010-05-01 00:00:00,7,255,32,12.55,8656.33,33.95,941.16
2010-05-01 00:00:00,8,255,16,6.27,5913.67,23.19,964.35
2010-05-01 00:00:00,9,255,21,8.24,7001.91,27.46,991.8
2010-05-01 00:00:00,10,255,29,11.37,9241.98,36.24,1028.05
2010-05-01 00:00:00,11,255,35,13.73,13049.73,51.18,1079.22
2010-05-01 00:00:00,12,255,40,15.69,18824.77,73.82,1153.05
2010-05-01 00:00:00,13,255,39,15.29,17930.47,70.32,1223.36
2010-05-01 00:00:00,14,255,25,9.8,9557.14,37.48,1260.84
2010-05-01 00:00:00,15,255,32,12.55,14517.25,56.93,1317.77
2010-05-01 00:00:00,16,255,36,14.12,22318.38,87.52,1405.29
2010-05-01 00:00:00,17,255,41,16.08,17275.72,67.75,1473.04
2010-05-01 00:00:00,18,255,41,16.08,17607.76,69.05,1542.09
2010-06-01 00:00:00,0,267,267,100.0,123072.59,460.95,460.95
2010-06-01 00:00:00,1,267,46,17.23,15693.59,58.78,519.72
2010-06-01 00:00:00,2,267,50,18.73,21931.81,82.14,601.87
2010-06-01 00:00:00,3,267,55,20.6,25309.16,94.79,696.66
2010-06-01 00:00:00,4,267,61,22.85,34622.20,129.67,826.33
2010-06-01 00:00:00,5,267,76,28.46,46976.00,175.94,1002.27
2010-06-01 00:00:00,6,267,34,12.73,15049.91,56.37,1058.63
2010-06-01 00:00:00,7,267,24,8.99,17031.78,63.79,1122.42
2010-06-01 00:00:00,8,267,22,8.24,23778.67,89.06,1211.48
2010-06-01 00:00:00,9,267,30,11.24,27865.12,104.36,1315.85
2010-06-01 00:00:00,10,267,28,10.49,11522.97,43.16,1359.0
2010-06-01 00:00:00,11,267,37,13.86,29751.50,111.43,1470.43
2010-06-01 00:00:00,12,267,40,14.98,39885.36,149.38,1619.82
2010-06-01 00:00:00,13,267,33,12.36,15831.27,59.29,1679.11
2010-06-01 00:00:00,14,267,30,11.24,45618.29,170.86,1849.96
2010-06-01 00:00:00,15,267,33,12.36,18470.44,69.18,1919.14
2010-06-01 00:00:00,16,267,35,13.11,34642.66,129.75,2048.89
2010-06-01 00:00:00,17,267,51,19.1,26205.07,98.15,2147.04
2010-07-01 00:00:00,0,187,187,100.0,70597.85,377.53,377.53
2010-07-01 00:00:00,1,187,29,15.51,8118.85,43.42,420.94
2010-07-01 00:00:00,2,187,34,18.18,13173.46,70.45,491.39
2010-07-01 00:00:00,3,187,55,29.41,23804.13,127.29,618.69
2010-07-01 00:00:00,4,187,54,28.88,27490.96,147.01,765.7
2010-07-01 00:00:00,5,187,25,13.37,8715.20,46.61,812.3
2010-07-01 00:00:00,6,187,21,11.23,8495.18,45.43,857.73
2010-07-01 00:00:00,7,187,28,14.97,10259.60,54.86,912.59
2010-07-01 00:00:00,8,187,27,14.44,9510.35,50.86,963.45
2010-07-01 00:00:00,9,187,21,11.23,9706.30,51.91,1015.36
2010-07-01 00:00:00,10,187,25,13.37,8699.15,46.52,1061.88
2010-07-01 00:00:00,11,187,27,14.44,12377.27,66.19,1128.07
2010-07-01 00:00:00,12,187,24,12.83,11914.93,63.72,1191.78
2010-07-01 00:00:00,13,187,24,12.83,13827.12,73.94,1265.72
2010-07-01 00:00:00,14,187,36,19.25,15404.86,82.38,1348.1
2010-07-01 00:00:00,15,187,32,17.11,15157.63,81.06,1429.16
2010-07-01 00:00:00,16,187,43,22.99,21682.49,115.95,1545.11
2010-08-01 00:00:00,0,162,162,100.0,59966.77,370.17,370.17
2010-08-01 00:00:00,1,162,31,19.14,11105.19,68.55,438.72
2010-08-01 00:00:00,2,162,47,29.01,18680.60,115.31,554.03
2010-08-01 00:00:00,3,162,53,32.72,23255.09,143.55,697.58
2010-08-01 00:00:00,4,162,27,16.67,13970.58,86.24,783.82
2010-08-01 00:00:00,5,162,19,11.73,5149.31,31.79,815.6
2010-08-01 00:00:00,6,162,16,9.88,5101.28,31.49,847.09
2010-08-01 00:00:00,7,162,21,12.96,7450.05,45.99,893.08
2010-08-01 00:00:00,8,162,22,13.58,9615.13,59.35,952.43
2010-08-01 00:00:00,9,162,20,12.35,9525.26,58.8,1011.23
2010-08-01 00:00:00,10,162,21,12.96,7099.35,43.82,1055.05
2010-08-01 00:00:00,11,162,19,11.73,6844.75,42.25,1097.3
2010-08-01 00:00:00,12,162,24,14.81,10080.47,62.23,1159.53
2010-08-01 00:00:00,13,162,27,16.67,12374.91,76.39,1235.92
2010-08-01 00:00:00,14,162,28,17.28,14512.41,89.58,1325.5
2010-08-01 00:00:00,15,162,32,19.75,17190.12,106.11,1431.61
2010-09-01 00:00:00,0,237,237,100.0,156784.64,661.54,661.54
2010-09-01 00:00:00,1,237,55,23.21,26364.11,111.24,772.78
2010-09-01 00:00:00,2,237,55,23.21,30096.70,126.99,899.77
2010-09-01 00:00:00,3,237,30,12.66,11516.33,48.59,948.36
2010-09-01 00:00:00,4,237,21,8.86,25123.15,106.0,1054.37
2010-09-01 00:00:00,5,237,24,10.13,8088.80,34.13,1088.5
2010-09-01 00:00:00,6,237,33,13.92,25681.28,108.36,1196.86
2010-09-01 00:00:00,7,237,22,9.28,9939.41,41.94,1238.8
2010-09-01 00:00:00,8,237,30,12.66,29086.97,122.73,1361.52
2010-09-01 00:00:00,9,237,31,13.08,14156.55,59.73,1421.26
2010-09-01 00:00:00,10,237,28,11.81,19746.21,83.32,1504.57
2010-09-01 00:00:00,11,237,24,10.13,26351.33,111.19,1615.76
2010-09-01 00:00:00,12,237,54,22.78,102098.92,430.8,2046.56
2010-09-01 00:00:00,13,237,39,16.46,29129.95,122.91,2169.47
2010-09-01 00:00:00,14,237,40,16.88,46457.92,196.02,2365.49
2010-10-01 00:00:00,0,375,375,100.0,171701.90,457.87,457.87
2010-10-01 00:00:00,1,375,96,25.6,41586.52,110.9,568.77
2010-10-01 00:00:00,2,375,55,14.67,18319.93,48.85,617.62
2010-10-01 00:00:00,3,375,46,12.27,23292.14,62.11,679.73
2010-10-01 00:00:00,4,375,33,8.8,13123.45,35.0,714.73
2010-10-01 00:00:00,5,375,33,8.8,11314.83,30.17,744.9
2010-10-01 00:00:00,6,375,50,13.33,17508.67,46.69,791.59
2010-10-01 00:00:00,7,375,50,13.33,15509.38,41.36,832.95
2010-10-01 00:00:00,8,375,41,10.93,21868.79,58.32,891.27
2010-10-01 00:00:00,9,375,36,9.6,20028.73,53.41,944.68
2010-10-01 00:00:00,10,375,40,10.67,13734.24,36.62,981.3
2010-10-01 00:00:00,11,375,49,13.07,21115.78,56.31,1037.61
2010-10-01 00:00:00,12,375,73,19.47,47893.65,127.72,1165.33
2010-10-01 00:00:00,13,375,88,23.47,56005.20,149.35,1314.68
2010-11-01 00:00:00,0,327,327,100.0,149789.53,458.07,458.07
2010-11-01 00:00:00,1,327,57,17.43,24531.94,75.02,533.09
2010-11-01 00:00:00,2,327,31,9.48,14531.03,44.44,577.53
2010-11-01 00:00:00,3,327,31,9.48,9521.16,29.12,606.65
2010-11-01 00:00:00,4,327,25,7.65,8655.46,26.47,633.12
2010-11-01 00:00:00,5,327,29,8.87,10788.05,32.99,666.11
2010-11-01 00:00:00,6,327,44,13.46,15928.66,48.71,714.82
2010-11-01 00:00:00,7,327,33,10.09,11875.54,36.32,751.14
2010-11-01 00:00:00,8,327,29,8.87,9809.93,30.0,781.14
2010-11-01 00:00:00,9,327,32,9.79,12124.42,37.08,818.21
2010-11-01 00:00:00,10,327,37,11.31,14722.83,45.02,863.24
2010-11-01 00:00:00,11,327,49,14.98,20199.53,61.77,925.01
2010-11-01 00:00:00,12,327,83,25.38,41020.05,125.44,1050.45
2010-12-01 00:00:00,0,76,76,100.0,26529.64,349.07,349.07
2010-12-01 00:00:00,1,76,7,9.21,2074.17,27.29,376.37
2010-12-01 00:00:00,2,76,4,5.26,7007.27,92.2,468.57
2010-12-01 00:00:00,3,76,6,7.89,1356.18,17.84,486.41
2010-12-01 00:00:00,4,76,9,11.84,5894.40,77.56,563.97
2010-12-01 00:00:00,5,76,5,6.58,1065.36,14.02,577.99
2010-12-01 00:00:00,6,76,4,5.26,668.22,8.79,586.78
2010-12-01 00:00:00,7,76,7,9.21,4848.94,63.8,650.58
2010-12-01 00:00:00,8,76,4,5.26,596.76,7.85,658.43
2010-12-01 00:00:00,9,76,2,2.63,415.83,5.47,663.9
2010-12-01 00:00:00,10,76,7,9.21,1586.54,20.88,684.78
2010-12-01 00:00:00,11,76,15,19.74,8426.77,110.88,795.66
2011-01-01 00:00:00,0,73,73,100.0,50208.87,687.79,687.79
2011-01-01 00:00:00,1,73,11,15.07,3577.83,49.01,736.8
2011-01-01 00:00:00,2,73,16,21.92,4130.95,56.59,793.39
2011-01-01 00:00:00,3,73,13,17.81,4795.44,65.69,859.08
2011-01-01 00:00:00,4,73,16,21.92,8138.89,111.49,970.58
2011-01-01 00:00:00,5,73,10,13.7,6151.25,84.26,1054.84
2011-01-01 00:00:00,6,73,11,15.07,4695.32,64.32,1119.16
2011-01-01 00:00:00,7,73,9,12.33,5377.77,73.67,1192.83
2011-01-01 00:00:00,8,73,8,10.96,4256.34,58.31,1251.13
2011-01-01 00:00:00,9,73,15,20.55,11229.38,153.83,1404.96
2011-01-01 00:00:00,10,73,18,24.66,10307.29,141.2,1546.16
2011-02-01 00:00:00,0,126,126,100.0,42862.04,340.17,340.17
2011-02-01 00:00:00,1,126,20,15.87,8246.49,65.45,405.62
2011-02-01 00:00:00,2,126,21,16.67,16959.44,134.6,540.22
2011-02-01 00:00:00,3,126,24,19.05,10543.81,83.68,623.9
2011-02-01 00:00:00,4,126,27,21.43,9123.91,72.41,696.32
2011-02-01 00:00:00,5,126,20,15.87,5690.11,45.16,741.47
2011-02-01 00:00:00,6,126,20,15.87,8090.45,64.21,805.68
2011-02-01 00:00:00,7,126,19,15.08,10432.29,82.8,888.48
2011-02-01 00:00:00,8,126,19,15.08,10893.62,86.46,974.94
2011-02-01 00:00:00,9,126,23,18.25,12408.71,98.48,1073.42
2011-03-01 00:00:00,0,178,178,100.0,74400.87,417.98,417.98
2011-03-01 00:00:00,1,178,32,17.98,14120.81,79.33,497.31
2011-03-01 00:00:00,2,178,38,21.35,19160.75,107.64,604.96
2011-03-01 00:00:00,3,178,35,19.66,15644.46,87.89,692.85
2011-03-01 00:00:00,4,178,40,22.47,15684.61,88.12,780.96
2011-03-01 00:00:00,5,178,26,14.61,10545.85,59.25,840.21
2011-03-01 00:00:00,6,178,37,20.79,15363.00,86.31,926.52
2011-03-01 00:00:00,7,178,36,20.22,17520.53,98.43,1024.95
2011-03-01 00:00:00,8,178,43,24.16,21020.09,118.09,1143.04
2011-04-01 00:00:00,0,106,106,100.0,39568.18,373.28,373.28
2011-04-01 00:00:00,1,106,26,24.53,12643.44,119.28,492.56
2011-04-01 00:00:00,2,106,21,19.81,7313.56,69.0,561.56
2011-04-01 00:00:00,3,106,21,19.81,7137.39,67.33,628.89
2011-04-01 00:00:00,4,106,19,17.92,5552.83,52.39,681.28
2011-04-01 00:00:00,5,106,25,23.58,10713.58,101.07,782.35
2011-04-01 00:00:00,6,106,19,17.92,5803.76,54.75,837.1
2011-04-01 00:00:00,7,106,27,25.47,11163.32,105.31,942.42
2011-05-01 00:00:00,0,113,113,100.0,48084.20,425.52,425.52
2011-05-01 00:00:00,1,113,27,23.89,9265.19,81.99,507.52
2011-05-01 00:00:00,2,113,27,23.89,10125.27,89.6,597.12
2011-05-01 00:00:00,3,113,18,15.93,6176.34,54.66,651.78
2011-05-01 00:00:00,4,113,24,21.24,10321.33,91.34,743.12
2011-05-01 00:00:00,5,113,23,20.35,10155.51,89.87,832.99
2011-05-01 00:00:00,6,113,29,25.66,13725.06,121.46,954.45
2011-06-01 00:00:00,0,108,108,100.0,82100.37,760.19,760.19
2011-06-01 00:00:00,1,108,24,22.22,9407.12,87.1,847.29
2011-06-01 00:00:00,2,108,23,21.3,7131.81,66.04,913.33
2011-06-01 00:00:00,3,108,29,26.85,10079.09,93.32,1006.65
2011-06-01 00:00:00,4,108,22,20.37,9238.58,85.54,1092.19
2011-06-01 00:00:00,5,108,30,27.78,12458.91,115.36,1207.55
2011-07-01 00:00:00,0,101,101,100.0,42271.81,418.53,418.53
2011-07-01 00:00:00,1,101,20,19.8,7328.71,72.56,491.09
2011-07-01 00:00:00,2,101,30,29.7,11068.72,109.59,600.69
2011-07-01 00:00:00,3,101,28,27.72,11927.46,118.09,718.78
2011-07-01 00:00:00,4,101,35,34.65,14074.19,139.35,858.13
2011-08-01 00:00:00,0,108,108,100.0,44190.99,409.18,409.18
2011-08-01 00:00:00,1,108,28,25.93,16803.29,155.59,564.76
2011-08-01 00:00:00,2,108,32,29.63,27608.94,255.64,820.4
2011-08-01 00:00:00,3,108,28,25.93,34378.31,318.32,1138.72
2011-09-01 00:00:00,0,188,188,100.0,92712.99,493.15,493.15
2011-09-01 00:00:00,1,188,50,26.6,18958.80,100.84,594.0
2011-09-01 00:00:00,2,188,71,37.77,29884.03,158.96,752.96
2011-10-01 00:00:00,0,220,220,100.0,96120.41,436.91,436.91
2011-10-01 00:00:00,1,220,70,31.82,32679.01,148.54,585.45
2011-11-01 00:00:00,0,191,191,100.0,79641.75,416.97,416.97
