revenue_decile,customers,decile_revenue,pct_of_total_revenue,cumulative_pct_of_revenue,avg_revenue_per_customer,min_revenue,max_revenue
1,584,10340908.10,63.2,63.2,17707.03,5251.40,578408.64
2,584,2212767.00,13.52,76.73,3788.98,2840.26,5250.78
3,583,1295397.57,7.92,84.65,2221.95,1748.05,2837.37
4,583,843483.91,5.16,89.8,1446.8,1180.23,1747.66
5,583,585905.93,3.58,93.38,1004.98,843.74,1179.95
6,583,415581.56,2.54,95.92,712.83,593.51,842.46
7,583,284780.90,1.74,97.66,488.47,397.12,593.50
8,583,195960.88,1.2,98.86,336.13,277.94,396.87
9,583,124978.51,0.76,99.63,214.37,159.55,277.93
10,583,61232.07,0.37,100.0,105.03,2.90,159.21
